participant,group,order,trial1,list1,trial2,list2
P01,2,C-U,coordinated,B,uncoordinated,A
P02,1,C-U,coordinated,A,uncoordinated,B
P03,3,U-C,uncoordinated,B,coordinated,A
P04,3,U-C,uncoordinated,B,coordinated,A
P05,1,C-U,coordinated,A,uncoordinated,B
P06,4,U-C,uncoordinated,A,coordinated,B
P07,4,U-C,uncoordinated,A,coordinated,B
P08,1,C-U,coordinated,A,uncoordinated,B
P09,3,U-C,uncoordinated,B,coordinated,A
P10,4,U-C,uncoordinated,A,coordinated,B
P11,1,C-U,coordinated,A,uncoordinated,B
P12,2,C-U,coordinated,B,uncoordinated,A
P13,2,C-U,coordinated,B,uncoordinated,A
P14,4,U-C,uncoordinated,A,coordinated,B
P15,3,U-C,uncoordinated,B,coordinated,A
P16,2,C-U,coordinated,B,uncoordinated,A
P17,1,C-U,coordinated,A,uncoordinated,B
P18,2,C-U,coordinated,B,uncoordinated,A
